{"cameraMode":{"drawMode":0,"name":"Shaded","section":"Shading Mode"},"sceneLighting":false,"audioPlay":false,"sceneViewState":{"showFog":true,"showMaterialUpdate":false,"showSkybox":false,"showFlares":true,"showImageEffects":true,"showParticleSystems":true},"in2DMode":false,"pivot":{"x":0.4788818359375,"y":1.1097869873046876,"z":0.43906402587890627},"rotation":{"x":0.07295714318752289,"y":0.11344625055789948,"z":-0.008353961631655693,"w":0.9908282160758972},"size":400.1037292480469,"orthographic":false}