{"cameraMode":{"drawMode":0,"name":"Shaded","section":"Shading Mode"},"sceneLighting":true,"audioPlay":false,"sceneViewState":{"showFog":true,"showMaterialUpdate":false,"showSkybox":true,"showFlares":true,"showImageEffects":true,"showParticleSystems":true},"in2DMode":false,"pivot":{"x":2.2574048042297365,"y":-0.22628241777420045,"z":1.8276598453521729},"rotation":{"x":0.47836318612098696,"y":0.33248716592788699,"z":-0.20202425122261048,"w":0.7872793078422546},"size":1.0216765403747559,"orthographic":true}